case_id,T0,P0_atm,phi,t_end
c000,994.055,17.1012,1.6457,0.058463
c001,1246.805,9.5403,1.4774,0.159857
